submission_date,state,tot_cases,conf_cases,prob_cases,new_case,pnew_case,tot_death,conf_death,prob_death,new_death,pnew_death,created_at,consent_cases,consent_deaths
1/22/2020,CA,0,,,0,,0,,,0,,3/26/2020 16:22,Not agree,Not agree
1/23/2020,CA,0,,,0,,0,,,0,,3/26/2020 16:22,Not agree,Not agree
1/24/2020,CA,0,,,0,,0,,,0,,3/26/2020 16:22,Not agree,Not agree
1/25/2020,CA,0,,,0,,0,,,0,,3/26/2020 16:22,Not agree,Not agree
1/26/2020,CA,2,,,2,,0,,,0,,3/26/2020 16:22,Not agree,Not agree
1/27/2020,CA,2,,,0,,0,,,0,,3/26/2020 16:22,Not agree,Not agree
1/28/2020,CA,2,,,0,,0,,,0,,3/26/2020 16:22,Not agree,Not agree
1/29/2020,CA,2,,,0,,0,,,0,,3/26/2020 16:22,Not agree,Not agree
1/30/2020,CA,2,,,0,,0,,,0,,3/26/2020 16:22,Not agree,Not agree
1/31/2020,CA,3,,,1,,0,,,0,,3/26/2020 16:22,Not agree,Not agree
2/1/2020,CA,3,,,0,,0,,,0,,3/26/2020 16:22,Not agree,Not agree
2/2/2020,CA,3,,,0,,0,,,0,,3/26/2020 16:22,Not agree,Not agree
2/3/2020,CA,6,,,3,,0,,,0,,3/26/2020 16:22,Not agree,Not agree
2/4/2020,CA,6,,,0,,0,,,0,,3/26/2020 16:22,Not agree,Not agree
2/5/2020,CA,6,,,0,,0,,,0,,3/26/2020 16:22,Not agree,Not agree
2/6/2020,CA,6,,,0,,0,,,0,,3/26/2020 16:22,Not agree,Not agree
2/7/2020,CA,6,,,0,,0,,,0,,3/26/2020 16:22,Not agree,Not agree
2/8/2020,CA,6,,,0,,0,,,0,,3/26/2020 16:22,Not agree,Not agree
2/9/2020,CA,6,,,0,,0,,,0,,3/26/2020 16:22,Not agree,Not agree
2/10/2020,CA,6,,,0,,0,,,0,,3/26/2020 16:22,Not agree,Not agree
2/11/2020,CA,7,,,1,,0,,,0,,3/26/2020 16:22,Not agree,Not agree
2/12/2020,CA,7,,,0,,0,,,0,,3/26/2020 16:22,Not agree,Not agree
2/13/2020,CA,8,,,1,,0,,,0,,3/26/2020 16:22,Not agree,Not agree
2/14/2020,CA,8,,,0,,0,,,0,,3/26/2020 16:22,Not agree,Not agree
2/15/2020,CA,8,,,0,,0,,,0,,3/26/2020 16:22,Not agree,Not agree
2/16/2020,CA,8,,,0,,0,,,0,,3/26/2020 16:22,Not agree,Not agree
2/17/2020,CA,8,,,0,,0,,,0,,3/26/2020 16:22,Not agree,Not agree
2/18/2020,CA,8,,,0,,0,,,0,,3/26/2020 16:22,Not agree,Not agree
2/19/2020,CA,8,,,0,,0,,,0,,3/26/2020 16:22,Not agree,Not agree
2/20/2020,CA,8,,,0,,0,,,0,,3/26/2020 16:22,Not agree,Not agree
2/21/2020,CA,10,,,2,,0,,,0,,3/26/2020 16:22,Not agree,Not agree
2/22/2020,CA,10,,,0,,0,,,0,,3/26/2020 16:22,Not agree,Not agree
2/23/2020,CA,10,,,0,,0,,,0,,3/26/2020 16:22,Not agree,Not agree
2/24/2020,CA,10,,,0,,0,,,0,,3/26/2020 16:22,Not agree,Not agree
2/25/2020,CA,10,,,0,,0,,,0,,3/26/2020 16:22,Not agree,Not agree
2/26/2020,CA,10,,,0,,0,,,0,,3/26/2020 16:22,Not agree,Not agree
2/27/2020,CA,11,,,1,,0,,,0,,3/26/2020 16:22,Not agree,Not agree
2/28/2020,CA,11,,,0,,0,,,0,,3/26/2020 16:22,Not agree,Not agree
2/29/2020,CA,12,,,1,,0,,,0,,3/26/2020 16:22,Not agree,Not agree
3/1/2020,CA,12,,,0,,0,,,0,,3/26/2020 16:22,Not agree,Not agree
3/2/2020,CA,21,,,9,,0,,,0,,3/26/2020 16:22,Not agree,Not agree
3/3/2020,CA,29,,,8,,0,,,0,,3/26/2020 16:22,Not agree,Not agree
3/4/2020,CA,36,,,7,,0,,,0,,3/26/2020 16:22,Not agree,Not agree
3/5/2020,CA,45,,,9,,1,,,1,,3/26/2020 16:22,Not agree,Not agree
3/6/2020,CA,56,,,11,,1,,,0,,3/26/2020 16:22,Not agree,Not agree
3/7/2020,CA,56,,,0,,1,,,0,,3/26/2020 16:22,Not agree,Not agree
3/8/2020,CA,110,,,54,,1,,,0,,3/26/2020 16:22,Not agree,Not agree
3/9/2020,CA,135,,,25,,2,,,1,,3/26/2020 16:22,Not agree,Not agree
3/10/2020,CA,152,,,17,,2,,,0,,3/26/2020 16:22,Not agree,Not agree
3/11/2020,CA,175,,,23,,3,,,1,,3/26/2020 16:22,Not agree,Not agree
3/12/2020,CA,224,,,49,,4,,,1,,3/26/2020 16:22,Not agree,Not agree
3/13/2020,CA,264,,,40,,4,,,0,,3/26/2020 16:22,Not agree,Not agree
3/14/2020,CA,311,,,47,,4,,,0,,3/26/2020 16:22,Not agree,Not agree
3/15/2020,CA,369,,,58,,5,,,1,,3/26/2020 16:22,Not agree,Not agree
3/16/2020,CA,447,,,78,,7,,,2,,3/26/2020 16:22,Not agree,Not agree
3/17/2020,CA,596,,,149,,10,,,3,,3/26/2020 16:22,Not agree,Not agree
3/18/2020,CA,652,,,56,,14,,,4,,3/26/2020 16:22,Not agree,Not agree
3/19/2020,CA,982,,,330,,18,,,4,,3/26/2020 16:22,Not agree,Not agree
3/20/2020,CA,1304,,,322,,24,,,6,,3/26/2020 16:22,Not agree,Not agree
3/21/2020,CA,1534,,,230,,27,,,3,,3/26/2020 16:22,Not agree,Not agree
3/22/2020,CA,1709,,,175,,32,,,5,,3/26/2020 16:22,Not agree,Not agree
3/23/2020,CA,1931,,,222,,35,,,3,,3/26/2020 16:22,Not agree,Not agree
3/24/2020,CA,2511,,,580,,44,,,9,,3/26/2020 16:22,Not agree,Not agree
3/25/2020,CA,2982,,,471,,57,,,13,,3/26/2020 16:22,Not agree,Not agree
3/26/2020,CA,3777,,,795,,64,,,7,,3/26/2020 16:22,Not agree,Not agree
3/27/2020,CA,4730,,,953,,107,,,43,,3/26/2020 16:22,Not agree,Not agree
3/28/2020,CA,5259,,,529,,119,,,12,,3/28/2020 16:22,Not agree,Not agree
3/29/2020,CA,5739,,,480,,137,,,18,,3/28/2020 16:22,Not agree,Not agree
3/30/2020,CA,6909,,,1170,,151,,,14,,3/29/2020 16:22,Not agree,Not agree
3/31/2020,CA,8131,,,1222,,172,,,21,,3/30/2020 16:22,Not agree,Not agree
4/1/2020,CA,8155,,,24,,172,,,0,,3/31/2020 16:22,Not agree,Not agree
4/2/2020,CA,9191,,,1036,,203,,,31,,4/1/2020 16:22,Not agree,Not agree
4/3/2020,CA,12024,,,2833,,270,,,67,,4/3/2020 16:22,Not agree,Not agree
4/4/2020,CA,12026,,,2,,276,,,6,,4/3/2020 16:22,Not agree,Not agree
4/5/2020,CA,13438,,,1412,,319,,,43,,4/4/2020 16:22,Not agree,Not agree
4/6/2020,CA,14336,,,898,,343,,,24,,4/5/2020 16:22,Not agree,Not agree
4/7/2020,CA,15865,,,1529,,374,,,31,,4/7/2020 16:22,Not agree,Not agree
4/8/2020,CA,16957,,,1092,,442,,,68,,4/7/2020 16:22,Not agree,Not agree
4/9/2020,CA,18309,,,1352,,492,,,50,,4/8/2020 16:22,Not agree,Not agree
4/10/2020,CA,19472,,,1163,,541,,,49,,4/9/2020 16:22,Not agree,Not agree
4/11/2020,CA,20615,,,1143,,609,,,68,,4/10/2020 16:22,Not agree,Not agree
4/12/2020,CA,21794,,,1179,,651,,,42,,4/11/2020 16:22,Not agree,Not agree
4/13/2020,CA,22348,,,554,,687,,,36,,4/12/2020 16:22,Not agree,Not agree
4/14/2020,CA,23338,,,990,,758,,,71,,4/13/2020 16:22,Not agree,Not agree
4/15/2020,CA,24424,,,1086,,821,,,63,,4/15/2020 16:22,Not agree,Not agree
4/16/2020,CA,26182,,,1758,,890,,,69,,4/16/2020 16:22,Not agree,Not agree
4/17/2020,CA,27528,,,1346,,985,,,95,,4/17/2020 16:22,Not agree,Not agree
4/18/2020,CA,28963,,,1435,,1072,,,87,,4/18/2020 16:22,Not agree,Not agree
4/19/2020,CA,28963,,,0,0,1072,,,0,0,4/19/2020 16:22,Not agree,Not agree
4/20/2020,CA,30978,,,2015,,1208,,,136,,4/20/2020 16:22,Not agree,Not agree
4/21/2020,CA,33261,,,2283,0,1268,,,60,0,4/21/2020 16:22,Not agree,Not agree
4/22/2020,CA,35396,,,2135,0,1354,,,86,0,4/22/2020 16:22,Not agree,Not agree
4/23/2020,CA,37369,,,1973,0,1469,,,115,0,5/25/2020 15:38,Not agree,Not agree
4/24/2020,CA,39254,,,1885,0,1562,,,93,0,5/25/2020 15:38,Not agree,Not agree
4/25/2020,CA,41137,,,1883,0,1651,,,89,0,5/25/2020 15:38,Not agree,Not agree
4/26/2020,CA,42164,,,1027,0,1710,,,59,0,5/25/2020 15:38,Not agree,Not agree
4/27/2020,CA,43464,,,1300,0,1755,,,45,0,5/25/2020 15:38,Not agree,Not agree
4/28/2020,CA,45031,,,1567,0,1809,,,54,0,4/29/2020 18:12,Not agree,Not agree
4/29/2020,CA,46500,,,1469,0,1887,,,78,0,4/30/2020 16:07,Not agree,Not agree
4/30/2020,CA,48917,,,2417,0,1982,,,95,0,5/1/2020 21:00,Not agree,Not agree
5/1/2020,CA,50442,,,1525,0,2073,,,91,0,5/2/2020 15:47,Not agree,Not agree
5/2/2020,CA,52197,,,1755,0,2171,,,98,0,5/3/2020 15:36,Not agree,Not agree
5/3/2020,CA,53616,,,1419,0,2215,,,44,0,5/4/2020 22:49,Not agree,Not agree
5/4/2020,CA,54937,,,1321,0,2254,,,39,0,5/5/2020 17:25,Not agree,Not agree
5/5/2020,CA,56212,,,1275,0,2317,,,63,0,5/6/2020 16:23,Not agree,Not agree
5/6/2020,CA,58815,,,2603,0,2412,,,95,0,5/7/2020 22:59,Not agree,Not agree
5/7/2020,CA,60614,,,1799,0,2504,,,92,0,5/8/2020 21:26,Not agree,Not agree
5/8/2020,CA,62512,,,1898,0,2585,,,81,0,5/9/2020 21:26,Not agree,Not agree
5/9/2020,CA,64561,,,2049,0,2678,,,93,0,5/10/2020 21:26,Not agree,Not agree
5/10/2020,CA,66680,,,2119,0,2745,,,67,0,5/11/2020 21:26,Not agree,Not agree
5/11/2020,CA,67939,,,1259,0,2770,,,25,0,5/12/2020 17:26,Not agree,Not agree
5/12/2020,CA,69382,,,1443,0,2847,,,77,0,5/13/2020 15:26,Not agree,Not agree
5/13/2020,CA,71141,,,1759,0,2934,,,87,0,5/14/2020 17:25,Not agree,Not agree
5/14/2020,CA,73164,,,2023,0,3032,,,98,0,5/15/2020 16:11,Not agree,Not agree
5/15/2020,CA,74936,,,1772,0,3108,,,76,0,5/16/2020 15:46,Not agree,Not agree
5/16/2020,CA,76793,,,1857,0,3204,,,96,0,5/17/2020 15:27,Not agree,Not agree
5/17/2020,CA,78839,,,2046,0,3261,,,57,0,5/18/2020 16:01,Not agree,Not agree
5/18/2020,CA,80430,,,1591,0,3302,,,41,0,5/19/2020 15:45,Not agree,Not agree
5/19/2020,CA,81795,,,1365,0,3334,,,32,0,5/20/2020 15:28,Not agree,Not agree
5/20/2020,CA,84057,,,2262,0,3436,,,102,0,5/21/2020 15:41,Not agree,Not agree
5/21/2020,CA,86197,,,2140,0,3542,,,106,0,5/22/2020 15:31,Not agree,Not agree
5/22/2020,CA,88444,,,2247,0,3630,,,88,0,5/23/2020 17:58,Not agree,Not agree
5/23/2020,CA,90631,,,2187,0,3708,,,78,0,5/24/2020 14:15,Not agree,Not agree
5/24/2020,CA,92710,,,2079,0,3774,,,66,0,5/25/2020 14:12,Not agree,Not agree
5/25/2020,CA,94558,,,1848,0,3795,,,21,0,5/26/2020 14:23,Not agree,Not agree
5/26/2020,CA,96733,,,2175,0,3814,,,19,0,5/27/2020 15:37,Not agree,Not agree
5/27/2020,CA,98980,,,2247,0,3884,,,70,0,5/28/2020 15:12,Not agree,Not agree
5/28/2020,CA,101697,,,2717,0,3973,,,89,0,5/29/2020 14:19,Not agree,Not agree
5/29/2020,CA,103886,,,2189,0,4068,,,95,0,5/30/2020 15:47,Not agree,Not agree
5/30/2020,CA,106878,,,2992,0,4156,,,88,0,5/31/2020 14:43,Not agree,Not agree
5/31/2020,CA,110583,,,3705,0,4213,,,57,0,6/1/2020 14:17,Not agree,Not agree
6/1/2020,CA,113006,,,2423,0,4251,,,38,0,6/2/2020 14:16,Not agree,Not agree
6/2/2020,CA,115310,,,2304,0,4286,,,35,0,6/3/2020 14:11,Not agree,Not agree
6/3/2020,CA,117687,,,2377,0,4361,,,75,0,6/4/2020 15:03,Not agree,Not agree
6/4/2020,CA,119807,,,2120,0,4422,,,61,0,6/5/2020 15:17,Not agree,Not agree
6/5/2020,CA,122901,,,3094,0,4485,,,63,0,6/6/2020 14:31,Not agree,Not agree
6/6/2020,CA,126016,,,3115,0,4559,,,74,0,6/7/2020 14:23,Not agree,Not agree
6/7/2020,CA,128812,,,2796,0,4626,,,67,0,6/8/2020 14:55,Not agree,Not agree
6/8/2020,CA,131319,,,2507,0,4653,,,27,0,6/9/2020 16:49,Not agree,Not agree
6/9/2020,CA,133489,,,2170,0,4697,,,44,0,6/10/2020 20:56,Not agree,Not agree
6/10/2020,CA,136191,,,2702,0,4776,,,79,0,6/11/2020 14:48,Not agree,Not agree
6/11/2020,CA,139281,,,3090,0,4881,,,105,0,6/12/2020 14:17,Not agree,Not agree
6/12/2020,CA,141983,,,2702,0,4943,,,62,0,6/13/2020 17:46,Not agree,Not agree
6/13/2020,CA,145643,,,3660,0,4989,,,46,0,6/14/2020 14:19,Not agree,Not agree
6/14/2020,CA,148855,,,3212,0,5063,,,74,0,6/15/2020 14:33,Not agree,Not agree
6/15/2020,CA,151452,,,2597,0,5089,,,26,0,6/16/2020 14:10,Not agree,Not agree
6/16/2020,CA,153560,,,2108,0,5121,,,32,0,6/17/2020 15:06,Not agree,Not agree
6/17/2020,CA,157015,,,3455,0,5208,,,87,0,6/18/2020 17:16,Not agree,Not agree
6/18/2020,CA,161099,,,4084,0,5290,,,82,0,6/19/2020 15:01,Not agree,Not agree
6/19/2020,CA,165416,,,4317,0,5360,,,70,0,6/20/2020 14:15,Not agree,Not agree
6/20/2020,CA,169309,,,3893,0,5424,,,64,0,6/21/2020 14:32,Not agree,Not agree
6/21/2020,CA,173824,,,4515,0,5495,,,71,0,6/22/2020 15:24,Not agree,Not agree
6/22/2020,CA,178054,,,4230,0,5515,,,20,0,6/23/2020 14:28,Not agree,Not agree
6/23/2020,CA,183073,,,5019,0,5580,,,65,0,6/24/2020 15:03,Not agree,Not agree
6/24/2020,CA,190222,,,7149,0,5632,,,52,0,6/25/2020 14:07,Not agree,Not agree
6/25/2020,CA,195571,,,5349,0,5733,,,101,0,6/26/2020 19:18,Not agree,Not agree
6/26/2020,CA,200461,,,4890,0,5812,,,79,0,6/27/2020 17:51,Not agree,Not agree
6/27/2020,CA,206433,,,5972,0,5872,,,60,0,6/28/2020 14:59,Not agree,Not agree
6/28/2020,CA,211243,,,4810,0,5905,,,33,0,6/29/2020 14:37,Not agree,Not agree
6/29/2020,CA,216550,,,5307,0,5936,,,31,0,6/30/2020 15:27,Not agree,Not agree
6/30/2020,CA,222917,,,6367,0,5980,,,44,0,7/1/2020 15:45,Not agree,Not agree
7/1/2020,CA,232657,,,9740,0,6090,,,110,0,7/2/2020 15:10,Not agree,Not agree
7/2/2020,CA,240195,,,7538,0,6163,,,73,0,7/3/2020 15:01,Not agree,Not agree
7/3/2020,CA,248235,,,8040,0,6263,,,100,0,7/4/2020 15:30,Not agree,Not agree
7/4/2020,CA,254745,,,6510,0,6313,,,50,0,7/5/2020 15:00,Not agree,Not agree
7/5/2020,CA,260155,,,5410,0,6331,,,18,0,7/6/2020 15:16,Not agree,Not agree
7/6/2020,CA,271684,,,11529,0,6337,,,6,0,7/7/2020 14:58,Not agree,Not agree
7/7/2020,CA,277774,,,6090,0,6488,,,151,0,7/8/2020 14:12,Not agree,Not agree
7/8/2020,CA,289468,,,11694,0,6562,,,74,0,7/9/2020 15:14,Not agree,Not agree
7/9/2020,CA,296499,,,7031,0,6711,,,149,0,7/10/2020 15:35,Not agree,Not agree
7/10/2020,CA,304297,,,7798,0,6851,,,140,0,7/11/2020 18:25,Not agree,Not agree
7/11/2020,CA,312344,,,8047,0,6945,,,94,0,7/12/2020 15:13,Not agree,Not agree
7/12/2020,CA,320804,,,8460,0,7017,,,72,0,7/13/2020 15:19,Not agree,Not agree
7/13/2020,CA,329162,,,8358,0,7040,,,23,0,7/14/2020 15:13,Not agree,Not agree
7/14/2020,CA,336508,,,7346,0,7087,,,47,0,7/15/2020 15:05,Not agree,Not agree
7/15/2020,CA,347634,,,11126,0,7227,,,140,0,7/16/2020 14:22,Not agree,Not agree
7/16/2020,CA,356178,,,8544,0,7345,,,118,0,7/17/2020 14:31,Not agree,Not agree
7/17/2020,CA,366164,,,9986,0,7475,,,130,0,7/18/2020 16:14,Not agree,Not agree
7/18/2020,CA,375363,,,9199,0,7595,,,120,0,7/19/2020 15:05,Not agree,Not agree
7/19/2020,CA,384692,,,9329,0,7685,,,90,0,7/20/2020 14:35,Not agree,Not agree
7/20/2020,CA,391538,,,6846,0,7694,,,9,0,7/21/2020 14:50,Not agree,Not agree
7/21/2020,CA,400769,,,9231,0,7755,,,61,0,7/22/2020 14:51,Not agree,Not agree
7/22/2020,CA,413576,,,12807,0,7870,,,115,0,7/23/2020 14:48,Not agree,Not agree
7/23/2020,CA,425616,,,12040,0,8027,,,157,0,7/24/2020 14:18,Not agree,Not agree
7/24/2020,CA,435334,,,9718,0,8186,,,159,0,7/25/2020 17:40,Not agree,Not agree
7/25/2020,CA,445400,,,10066,0,8337,,,151,0,7/26/2020 15:17,Not agree,Not agree
7/26/2020,CA,453659,,,8259,0,8416,,,79,0,7/27/2020 14:16,Not agree,Not agree
7/27/2020,CA,460550,,,6891,0,8445,,,29,0,7/28/2020 14:21,Not agree,Not agree
7/28/2020,CA,466550,,,6000,0,8518,,,73,0,7/29/2020 14:34,Not agree,Not agree
7/29/2020,CA,475305,,,8755,0,8715,,,197,0,7/30/2020 14:42,Not agree,Not agree
7/30/2020,CA,485502,,,10197,0,8909,,,194,0,7/31/2020 14:35,Not agree,Not agree
7/31/2020,CA,493588,,,8086,0,9005,,,96,0,8/1/2020 14:38,Not agree,Not agree
8/1/2020,CA,500130,,,6542,0,9224,,,219,0,8/2/2020 14:54,Not agree,Not agree
8/2/2020,CA,509162,,,9032,0,9356,,,132,0,8/3/2020 14:31,Not agree,Not agree
8/3/2020,CA,514901,,,5739,0,9388,,,32,0,8/4/2020 14:09,Not agree,Not agree
8/4/2020,CA,519427,,,4526,0,9501,,,113,0,8/5/2020 14:13,Not agree,Not agree
8/5/2020,CA,524722,,,5295,0,9703,,,202,0,8/6/2020 14:12,Not agree,Not agree
8/6/2020,CA,529980,,,5258,0,9869,,,166,0,8/7/2020 23:57,Not agree,Not agree
8/7/2020,CA,538416,,,8436,0,10011,,,142,0,8/8/2020 14:58,Not agree,Not agree
8/8/2020,CA,545787,,,7371,0,10189,,,178,0,8/9/2020 14:03,Not agree,Not agree
8/9/2020,CA,554160,,,8373,0,10293,,,104,0,8/10/2020 14:23,Not agree,Not agree
8/10/2020,CA,561911,,,7751,0,10359,,,66,0,8/11/2020 14:16,Not agree,Not agree
8/11/2020,CA,574411,,,12500,0,10468,,,109,0,8/12/2020 13:50,Not agree,Not agree
8/12/2020,CA,586056,,,11645,0,10648,,,180,0,8/13/2020 14:12,Not agree,Not agree
8/13/2020,CA,593141,,,7085,0,10808,,,160,0,8/14/2020 14:30,Not agree,Not agree
8/14/2020,CA,601075,,,7934,0,10996,,,188,0,8/15/2020 14:02,Not agree,Not agree
8/15/2020,CA,613689,,,12614,0,11147,,,151,0,8/16/2020 14:57,Not agree,Not agree
8/16/2020,CA,621562,,,7873,0,11224,,,77,0,8/17/2020 14:26,Not agree,Not agree
8/17/2020,CA,628031,,,6469,0,11242,,,18,0,8/18/2020 14:26,Not agree,Not agree
8/18/2020,CA,632667,,,4636,0,11342,,,100,0,8/19/2020 14:23,Not agree,Not agree
8/19/2020,CA,638831,,,6164,0,11523,,,181,0,8/20/2020 15:11,Not agree,Not agree
8/20/2020,CA,644751,,,5920,0,11686,,,163,0,8/21/2020 14:27,Not agree,Not agree
8/21/2020,CA,650336,,,5585,0,11821,,,135,0,8/22/2020 14:21,Not agree,Not agree
8/22/2020,CA,656892,,,6556,0,11988,,,167,0,8/23/2020 14:15,Not agree,Not agree
8/23/2020,CA,663669,,,6777,0,12134,,,146,0,8/24/2020 13:54,Not agree,Not agree
8/24/2020,CA,668615,,,4946,0,12152,,,18,0,8/25/2020 14:02,Not agree,Not agree
8/25/2020,CA,673095,,,4480,0,12257,,,105,0,8/26/2020 13:51,Not agree,Not agree
8/26/2020,CA,679099,,,6004,0,12407,,,150,0,8/27/2020 13:42,Not agree,Not agree
8/27/2020,CA,683529,,,4430,0,12550,,,143,0,8/28/2020 13:43,Not agree,Not agree
8/28/2020,CA,688858,,,5329,0,12690,,,140,0,8/29/2020 13:42,Not agree,Not agree
8/29/2020,CA,693839,,,4981,0,12834,,,144,0,8/30/2020 14:49,Not agree,Not agree
8/30/2020,CA,699909,,,6070,0,12905,,,71,0,8/31/2020 14:05,Not agree,Not agree
8/31/2020,CA,704085,,,4176,0,12933,,,28,0,9/1/2020 14:09,Not agree,Not agree
9/1/2020,CA,707797,,,3712,0,13018,,,85,0,9/2/2020 13:49,Not agree,Not agree
9/2/2020,CA,712052,,,4255,0,13163,,,145,0,9/3/2020 14:18,Not agree,Not agree
9/3/2020,CA,717177,,,5125,0,13327,,,164,0,9/4/2020 13:36,Not agree,Not agree
9/4/2020,CA,722283,,,5106,0,13490,,,163,0,9/5/2020 14:09,Not agree,Not agree
9/5/2020,CA,727239,,,4956,0,13643,,,153,0,9/6/2020 14:09,Not agree,Not agree
9/6/2020,CA,732144,,,4905,0,13709,,,66,0,9/7/2020 13:37,Not agree,Not agree
9/7/2020,CA,735235,,,3091,0,13726,,,17,0,9/8/2020 14:47,Not agree,Not agree
9/8/2020,CA,737911,,,2676,0,13758,,,32,0,9/9/2020 13:47,Not agree,Not agree
9/9/2020,CA,739527,,,1616,0,13841,,,83,0,9/10/2020 14:02,Not agree,Not agree
9/10/2020,CA,742865,,,3338,0,13978,,,137,0,9/11/2020 13:51,Not agree,Not agree
9/11/2020,CA,746191,,,3326,0,14089,,,111,0,9/12/2020 14:12,Not agree,Not agree
9/12/2020,CA,750298,,,4107,0,14251,,,162,0,9/13/2020 16:17,Not agree,Not agree
9/13/2020,CA,754923,,,4625,0,14329,,,78,0,9/14/2020 14:01,Not agree,Not agree
9/14/2020,CA,757778,,,2855,0,14385,,,56,0,9/15/2020 14:03,Not agree,Not agree
9/15/2020,CA,760013,,,2235,0,14451,,,66,0,9/16/2020 13:53,Not agree,Not agree
9/16/2020,CA,762963,,,2950,0,14615,,,164,0,9/17/2020 13:45,Not agree,Not agree
9/17/2020,CA,766201,,,3238,0,14721,,,106,0,9/18/2020 13:48,Not agree,Not agree
9/18/2020,CA,769831,,,3630,0,14812,,,91,0,9/19/2020 14:00,Not agree,Not agree
9/19/2020,CA,774135,,,4304,0,14912,,,100,0,9/20/2020 13:53,Not agree,Not agree
9/20/2020,CA,778400,,,4265,0,14987,,,75,0,9/21/2020 13:47,Not agree,Not agree
9/21/2020,CA,781694,,,3294,0,15018,,,31,0,9/22/2020 13:51,Not agree,Not agree
9/22/2020,CA,784324,,,2630,0,15071,,,53,0,9/23/2020 13:51,Not agree,Not agree
9/23/2020,CA,787470,,,3146,0,15204,,,133,0,9/24/2020 13:54,Not agree,Not agree
9/24/2020,CA,790640,,,3170,0,15314,,,110,0,9/25/2020 13:54,Not agree,Not agree
9/25/2020,CA,794040,,,3400,0,15398,,,84,0,9/26/2020 13:46,Not agree,Not agree
9/26/2020,CA,798237,,,4197,0,15532,,,134,0,9/27/2020 13:39,Not agree,Not agree
9/27/2020,CA,802308,,,4071,0,15587,,,55,0,9/28/2020 13:50,Not agree,Not agree
9/28/2020,CA,805263,,,2955,0,15608,,,21,0,9/29/2020 13:50,Not agree,Not agree
9/29/2020,CA,807425,,,2162,0,15640,,,32,0,9/30/2020 14:17,Not agree,Not agree
9/30/2020,CA,810625,,,3200,0,15792,,,152,0,10/1/2020 13:42,Not agree,Not agree
10/1/2020,CA,813687,,,3062,0,15888,,,96,0,10/2/2020 13:40,Not agree,Not agree
10/2/2020,CA,817277,,,3590,0,15986,,,98,0,10/3/2020 13:39,Not agree,Not agree
10/3/2020,CA,819436,,,2159,0,16074,,,88,0,10/4/2020 13:35,Not agree,Not agree
10/4/2020,CA,823729,,,4293,0,16120,,,46,0,10/5/2020 13:49,Not agree,Not agree
10/5/2020,CA,826784,,,3055,0,16149,,,29,0,10/6/2020 13:33,Not agree,Not agree
10/6/2020,CA,828461,,,1677,0,16177,,,28,0,10/7/2020 13:45,Not agree,Not agree
10/7/2020,CA,831225,,,2764,0,16228,,,51,0,10/8/2020 13:56,Not agree,Not agree
10/8/2020,CA,834800,,,3575,0,16361,,,133,0,10/9/2020 13:43,Not agree,Not agree
10/9/2020,CA,838606,,,3806,0,16428,,,67,0,10/10/2020 13:30,Not agree,Not agree
10/10/2020,CA,842776,,,4170,0,16500,,,72,0,10/11/2020 13:47,Not agree,Not agree
10/11/2020,CA,846579,,,3803,0,16564,,,64,0,10/12/2020 14:07,Not agree,Not agree
10/12/2020,CA,850028,,,3449,0,16572,,,8,0,10/13/2020 13:29,Not agree,Not agree
10/13/2020,CA,852406,,,2378,0,16581,,,9,0,10/14/2020 13:28,Not agree,Not agree
10/14/2020,CA,855072,,,2666,0,16639,,,58,0,10/15/2020 13:30,Not agree,Not agree
10/15/2020,CA,858401,,,3329,0,16757,,,118,0,10/16/2020 13:33,Not agree,Not agree
10/16/2020,CA,861476,,,3075,0,16830,,,73,0,10/17/2020 14:09,Not agree,Not agree
10/17/2020,CA,864455,,,2979,0,16899,,,69,0,10/18/2020 13:26,Not agree,Not agree
10/18/2020,CA,867317,,,2862,0,16943,,,44,0,10/19/2020 14:06,Not agree,Not agree
10/19/2020,CA,870791,,,3474,0,16970,,,27,0,10/20/2020 14:59,Not agree,Not agree
10/20/2020,CA,874077,,,3286,0,16992,,,22,0,10/21/2020 13:34,Not agree,Not agree
10/21/2020,CA,877784,,,3707,0,17027,,,35,0,10/22/2020 13:34,Not agree,Not agree
10/22/2020,CA,880724,,,2940,0,17189,,,162,0,10/23/2020 13:44,Not agree,Not agree
10/23/2020,CA,886865,,,6141,0,17262,,,73,0,10/24/2020 13:26,Not agree,Not agree
10/24/2020,CA,892810,,,5945,0,17311,,,49,0,10/25/2020 13:45,Not agree,Not agree
10/25/2020,CA,898029,,,5219,0,17345,,,34,0,10/26/2020 13:41,Not agree,Not agree
10/26/2020,CA,901010,,,2981,0,17357,,,12,0,10/27/2020 13:47,Not agree,Not agree
10/27/2020,CA,904198,,,3188,0,17400,,,43,0,10/28/2020 13:52,Not agree,Not agree
10/28/2020,CA,908713,,,4515,0,17475,,,75,0,10/29/2020 14:11,Not agree,Not agree
10/29/2020,CA,912904,,,4191,0,17541,,,66,0,10/30/2020 13:37,Not agree,Not agree
10/30/2020,CA,916918,,,4014,0,17571,,,30,0,10/31/2020 13:30,Not agree,Not agree
10/31/2020,CA,922005,,,5087,0,17626,,,55,0,11/1/2020 15:03,Not agree,Not agree
11/1/2020,CA,926534,,,4529,0,17667,,,41,0,11/2/2020 14:53,Not agree,Not agree
11/2/2020,CA,930628,,,4094,0,17672,,,5,0,11/3/2020 14:57,Not agree,Not agree
11/3/2020,CA,934672,,,4044,0,17686,,,14,0,11/4/2020 15:03,Not agree,Not agree
11/4/2020,CA,940010,,,5338,0,17752,,,66,0,11/5/2020 14:39,Not agree,Not agree
11/5/2020,CA,944576,,,4566,0,17815,,,63,0,11/6/2020 15:33,Not agree,Not agree
11/6/2020,CA,951094,,,6518,0,17866,,,51,0,11/7/2020 14:45,Not agree,Not agree
11/7/2020,CA,956957,,,5863,0,17939,,,73,0,11/8/2020 14:40,Not agree,Not agree
11/8/2020,CA,964639,,,7682,0,17963,,,24,0,11/9/2020 14:38,Not agree,Not agree
11/9/2020,CA,971851,,,7212,0,17977,,,14,0,11/10/2020 14:45,Not agree,Not agree
11/10/2020,CA,977218,,,5367,0,18001,,,24,0,11/11/2020 15:15,Not agree,Not agree
11/11/2020,CA,984682,,,7464,0,18070,,,69,0,11/12/2020 14:55,Not agree,Not agree
11/12/2020,CA,991609,,,6927,0,18108,,,38,0,11/13/2020 14:54,Not agree,Not agree
11/13/2020,CA,998502,,,6893,0,18137,,,29,0,11/14/2020 14:44,Not agree,Not agree
11/14/2020,CA,1008377,,,9875,0,18218,,,81,0,11/15/2020 15:12,Not agree,Not agree
11/15/2020,CA,1019345,,,10968,0,18253,,,35,0,11/16/2020 18:40,Not agree,Not agree
11/16/2020,CA,1029235,,,9890,0,18263,,,10,0,11/17/2020 14:52,Not agree,Not agree
11/17/2020,CA,1037978,,,8743,0,18299,,,36,0,11/18/2020 14:57,Not agree,Not agree
11/18/2020,CA,1047789,,,9811,0,18360,,,61,0,11/19/2020 15:01,Not agree,Not agree
11/19/2020,CA,1059267,,,11478,0,18466,,,106,0,11/20/2020 15:06,Not agree,Not agree
11/20/2020,CA,1072272,,,13005,0,18557,,,91,0,11/21/2020 14:59,Not agree,Not agree
11/21/2020,CA,1087714,,,15442,0,18643,,,86,0,11/22/2020 15:02,Not agree,Not agree
11/22/2020,CA,1102033,,,14319,0,18676,,,33,0,11/23/2020 15:04,Not agree,Not agree
11/23/2020,CA,1110370,,,8337,0,18726,,,50,0,11/24/2020 15:27,Not agree,Not agree
11/24/2020,CA,1125699,,,15329,0,18769,,,43,0,11/25/2020 14:53,Not agree,Not agree
11/25/2020,CA,1144049,,,18350,0,18875,,,106,0,11/26/2020 14:44,Not agree,Not agree
11/26/2020,CA,1158689,,,14640,0,18979,,,104,0,11/27/2020 15:07,Not agree,Not agree
11/27/2020,CA,1171324,,,12635,0,19033,,,54,0,11/28/2020 14:46,Not agree,Not agree
11/28/2020,CA,1183320,,,11996,0,19089,,,56,0,11/29/2020 14:49,Not agree,Not agree
11/29/2020,CA,1198934,,,15614,0,19121,,,32,0,11/30/2020 14:51,Not agree,Not agree
11/30/2020,CA,1212968,,,14034,0,19141,,,20,0,12/1/2020 15:26,Not agree,Not agree
12/1/2020,CA,1225189,,,12221,0,19211,,,70,0,12/2/2020 15:48,Not agree,Not agree
12/2/2020,CA,1245948,,,20759,0,19324,,,113,0,12/3/2020 15:21,Not agree,Not agree
12/3/2020,CA,1264539,,,18591,0,19437,,,113,0,12/4/2020 15:00,Not agree,Not agree
12/4/2020,CA,1286557,,,22018,0,19582,,,145,0,12/5/2020 14:29,Not agree,Not agree
12/5/2020,CA,1311625,,,25068,0,19791,,,209,0,12/6/2020 14:51,Not agree,Not agree
12/6/2020,CA,1341700,,,30075,0,19876,,,85,0,12/7/2020 14:38,Not agree,Not agree
12/7/2020,CA,1366435,,,24735,0,19935,,,59,0,12/8/2020 14:59,Not agree,Not agree
12/8/2020,CA,1389707,,,23272,0,20047,,,112,0,12/9/2020 14:45,Not agree,Not agree
12/9/2020,CA,1420558,,,30851,0,20243,,,196,0,12/10/2020 14:50,Not agree,Not agree
12/10/2020,CA,1450235,,,29677,0,20463,,,220,0,12/11/2020 15:06,Not agree,Not agree
12/11/2020,CA,1485703,,,35468,0,20622,,,159,0,12/12/2020 14:59,Not agree,Not agree
12/12/2020,CA,1521432,,,35729,0,20847,,,225,0,12/13/2020 14:31,Not agree,Not agree
12/13/2020,CA,1551766,,,30334,0,20969,,,122,0,12/14/2020 14:36,Not agree,Not agree
12/14/2020,CA,1585044,,,33278,0,21046,,,77,0,12/15/2020 14:39,Not agree,Not agree
12/15/2020,CA,1617370,,,32326,0,21188,,,142,0,12/16/2020 14:28,Not agree,Not agree
12/16/2020,CA,1671081,,,53711,0,21481,,,293,0,12/17/2020 14:33,Not agree,Not agree
12/17/2020,CA,1723362,,,52281,0,21860,,,379,0,12/18/2020 14:45,Not agree,Not agree
12/18/2020,CA,1764374,,,41012,0,22160,,,300,0,12/19/2020 14:42,Not agree,Not agree
12/19/2020,CA,1807982,,,43608,0,22432,,,272,0,12/20/2020 14:32,Not agree,Not agree
12/20/2020,CA,1854456,,,46474,0,22593,,,161,0,12/21/2020 14:39,Not agree,Not agree
12/21/2020,CA,1892348,,,37892,0,22676,,,83,0,12/22/2020 14:35,Not agree,Not agree
12/22/2020,CA,1925007,,,32659,0,22923,,,247,0,12/23/2020 14:36,Not agree,Not agree
12/23/2020,CA,1964076,,,39069,0,23284,,,361,0,12/24/2020 14:31,Not agree,Not agree
12/24/2020,CA,2003146,,,39070,0,23635,,,351,0,12/25/2020 14:25,Not agree,Not agree
12/25/2020,CA,2042290,,,39144,0,23947,,,312,0,12/26/2020 14:34,Not agree,Not agree
12/26/2020,CA,2072665,,,30375,0,23983,,,36,0,12/27/2020 14:44,Not agree,Not agree
12/27/2020,CA,2122806,,,50141,0,24220,,,237,0,12/28/2020 14:42,Not agree,Not agree
12/28/2020,CA,2155976,,,33170,0,24284,,,64,0,12/29/2020 14:56,Not agree,Not agree
12/29/2020,CA,2187221,,,31245,0,24526,,,242,0,12/30/2020 14:56,Not agree,Not agree
12/30/2020,CA,2218142,,,30921,0,24958,,,432,0,12/31/2020 14:55,Not agree,Not agree
12/31/2020,CA,2245379,,,27237,0,25386,,,428,0,1/1/2021 14:49,Not agree,Not agree
1/1/2021,CA,2292568,,,47189,0,25971,,,585,0,1/2/2021 14:50,Not agree,Not agree
1/2/2021,CA,2345909,,,53341,0,26357,,,386,0,1/3/2021 14:53,Not agree,Not agree
1/3/2021,CA,2391261,,,45352,0,26538,,,181,0,1/4/2021 14:55,Not agree,Not agree
1/4/2021,CA,2420894,,,29633,0,26635,,,97,0,1/5/2021 15:00,Not agree,Not agree
1/5/2021,CA,2452334,,,31440,0,27003,,,368,0,1/6/2021 14:58,Not agree,Not agree
1/6/2021,CA,2482226,,,29892,0,27462,,,459,0,1/7/2021 14:56,Not agree,Not agree
1/7/2021,CA,2518611,,,36385,0,28045,,,583,0,1/8/2021 15:56,Not agree,Not agree
1/8/2021,CA,2568641,,,50030,0,28538,,,493,0,1/9/2021 15:26,Not agree,Not agree
1/9/2021,CA,2621277,,,52636,0,29233,,,695,0,1/10/2021 16:10,Not agree,Not agree
1/10/2021,CA,2670962,,,49685,0,29701,,,468,0,1/11/2021 15:01,Not agree,Not agree
1/11/2021,CA,2710801,,,39839,0,29965,,,264,0,1/12/2021 14:48,Not agree,Not agree
1/12/2021,CA,2747288,,,36487,0,30513,,,548,0,1/13/2021 14:44,Not agree,Not agree
1/13/2021,CA,2781039,,,33751,0,31102,,,589,0,1/14/2021 15:12,Not agree,Not agree
1/14/2021,CA,2816969,,,35930,0,31654,,,552,0,1/15/2021 14:46,Not agree,Not agree
1/15/2021,CA,2859624,,,42655,0,32291,,,637,0,1/16/2021 14:46,Not agree,Not agree
1/16/2021,CA,2900246,,,40622,0,32960,,,669,0,1/17/2021 15:43,Not agree,Not agree
1/17/2021,CA,2942475,,,42229,0,33392,,,432,0,1/18/2021 14:39,Not agree,Not agree
1/18/2021,CA,2973174,,,30699,0,33593,,,201,0,1/19/2021 14:37,Not agree,Not agree
1/19/2021,CA,2996968,,,23794,0,33739,,,146,0,1/20/2021 14:44,Not agree,Not agree
1/20/2021,CA,3019371,,,22403,0,34433,,,694,0,1/21/2021 14:44,Not agree,Not agree
1/21/2021,CA,3039044,,,19673,0,35004,,,571,0,1/22/2021 14:51,Not agree,Not agree
1/22/2021,CA,3062068,,,23024,0,35768,,,764,0,1/23/2021 14:50,Not agree,Not agree
1/23/2021,CA,3085040,,,22972,0,36361,,,593,0,1/24/2021 14:36,Not agree,Not agree
1/24/2021,CA,3109151,,,24111,0,36790,,,429,0,1/25/2021 14:42,Not agree,Not agree
1/25/2021,CA,3136158,,,27007,0,37118,,,328,0,1/26/2021 14:46,Not agree,Not agree
1/26/2021,CA,3153186,,,17028,0,37527,,,409,0,1/27/2021 14:53,Not agree,Not agree
1/27/2021,CA,3169914,,,16728,0,38224,,,697,0,1/28/2021 14:49,Not agree,Not agree
1/28/2021,CA,3186610,,,16696,0,38961,,,737,0,1/29/2021 14:42,Not agree,Not agree
1/29/2021,CA,3205947,,,19337,0,39578,,,617,0,1/30/2021 14:43,Not agree,Not agree
1/30/2021,CA,3224374,,,18427,0,40216,,,638,0,1/31/2021 14:48,Not agree,Not agree
1/31/2021,CA,3243348,,,18974,0,40697,,,481,0,2/1/2021 14:50,Not agree,Not agree
2/1/2021,CA,3258706,,,15358,0,40908,,,211,0,2/2/2021 14:51,Not agree,Not agree
2/2/2021,CA,3270770,,,12064,0,41330,,,422,0,2/3/2021 14:55,Not agree,Not agree
2/3/2021,CA,3281271,,,10501,0,41811,,,481,0,2/4/2021 14:53,Not agree,Not agree
2/4/2021,CA,3294447,,,13176,0,42466,,,655,0,2/5/2021 14:54,Not agree,Not agree
2/5/2021,CA,3308468,,,14021,0,43024,,,558,0,2/6/2021 16:05,Not agree,Not agree
2/6/2021,CA,3320862,,,12394,0,43647,,,623,0,2/7/2021 14:46,Not agree,Not agree
2/7/2021,CA,3335926,,,15064,0,43942,,,295,0,2/8/2021 14:53,Not agree,Not agree
2/8/2021,CA,3346340,,,10414,0,44150,,,208,0,2/9/2021 15:24,Not agree,Not agree
2/9/2021,CA,3354591,,,8251,0,44477,,,327,0,2/10/2021 14:52,Not agree,Not agree
2/10/2021,CA,3362981,,,8390,0,44995,,,518,0,2/11/2021 14:50,Not agree,Not agree
2/11/2021,CA,3371556,,,8575,0,45456,,,461,0,2/12/2021 14:56,Not agree,Not agree
2/12/2021,CA,3381615,,,10059,0,46002,,,546,0,2/13/2021 14:50,Not agree,Not agree
2/13/2021,CA,3391036,,,9421,0,46435,,,433,0,2/14/2021 14:51,Not agree,Not agree
2/14/2021,CA,3399878,,,8842,0,46843,,,408,0,2/15/2021 14:46,Not agree,Not agree
2/15/2021,CA,3406365,,,6487,0,47043,,,200,0,2/16/2021 14:53,Not agree,Not agree
2/16/2021,CA,3412057,,,5692,0,47107,,,64,0,2/17/2021 14:51,Not agree,Not agree
2/17/2021,CA,3416147,,,4090,0,47507,,,400,0,2/18/2021 14:43,Not agree,Not agree
2/18/2021,CA,3421720,,,5573,0,47924,,,417,0,2/19/2021 15:33,Not agree,Not agree
2/19/2021,CA,3428518,,,6798,0,48344,,,420,0,2/20/2021 14:45,Not agree,Not agree
2/20/2021,CA,3435186,,,6668,0,48825,,,481,0,2/21/2021 14:57,Not agree,Not agree
2/21/2021,CA,3441946,,,6760,0,49105,,,280,0,2/22/2021 14:53,Not agree,Not agree
2/22/2021,CA,3446611,,,4665,0,49338,,,233,0,2/23/2021 14:51,Not agree,Not agree
2/23/2021,CA,3450058,,,3447,0,49563,,,225,0,2/24/2021 14:56,Not agree,Not agree
2/24/2021,CA,3455361,,,5303,0,49877,,,314,0,2/25/2021 14:54,Not agree,Not agree
2/25/2021,CA,3460326,,,4965,0,50991,,,308,0,2/26/2021 15:02,Not agree,Not agree
2/26/2021,CA,3465726,,,5400,0,51382,,,391,0,2/27/2021 14:51,Not agree,Not agree
2/27/2021,CA,3470877,,,5151,0,51821,,,439,0,2/28/2021 14:48,Not agree,Not agree
2/28/2021,CA,3475562,,,4685,0,51979,,,158,0,3/1/2021 15:21,Not agree,Not agree
3/1/2021,CA,3479078,,,3516,0,52194,,,215,0,3/2/2021 14:54,Not agree,Not agree
3/2/2021,CA,3481611,,,2533,0,52497,,,303,0,3/3/2021 15:20,Not agree,Not agree
3/3/2021,CA,3484963,,,3352,0,52775,,,278,0,3/4/2021 15:08,Not agree,Not agree
3/4/2021,CA,3488467,,,3504,0,53048,,,273,0,3/5/2021 16:11,Not agree,Not agree
3/5/2021,CA,3493126,,,4659,0,53448,,,400,0,3/6/2021 15:08,Not agree,Not agree
3/6/2021,CA,3497578,,,4452,0,53866,,,418,0,3/7/2021 14:51,Not agree,Not agree
3/7/2021,CA,3501394,,,3816,0,54124,,,258,0,3/8/2021 14:47,Not agree,Not agree
3/8/2021,CA,3504652,,,3258,0,54224,,,100,0,3/9/2021 14:47,Not agree,Not agree
3/9/2021,CA,3507266,,,2614,0,54395,,,171,0,3/10/2021 14:58,Not agree,Not agree
3/10/2021,CA,3513678,,,2734,0,54621,,,226,0,3/11/2021 15:36,Not agree,Not agree
3/11/2021,CA,3516862,,,3184,0,54891,,,270,0,3/12/2021 15:20,Not agree,Not agree
3/12/2021,CA,3520333,,,3471,0,54891,,,0,0,3/13/2021 15:19,Not agree,Not agree
3/13/2021,CA,3523563,,,3230,0,55095,,,204,0,3/14/2021 13:53,Not agree,Not agree
3/14/2021,CA,3526335,,,2772,0,55235,,,140,0,3/15/2021 14:03,Not agree,Not agree
3/15/2021,CA,3528795,,,2460,0,55330,,,95,0,3/16/2021 14:12,Not agree,Not agree
3/16/2021,CA,3530055,,,1260,0,55372,,,42,0,3/17/2021 14:24,Not agree,Not agree
3/17/2021,CA,3532496,,,2441,0,55577,,,205,0,3/18/2021 14:01,Not agree,Not agree
3/18/2021,CA,3535534,,,3038,0,55795,,,218,0,3/19/2021 14:25,Not agree,Not agree
3/19/2021,CA,3538821,,,3287,0,56027,,,232,0,3/20/2021 14:03,Not agree,Not agree
3/20/2021,CA,3541928,,,3107,0,56072,,,45,0,3/21/2021 13:54,Not agree,Not agree
3/21/2021,CA,3545278,,,3350,0,56118,,,46,0,3/22/2021 13:57,Not agree,Not agree
3/22/2021,CA,3547278,,,2000,0,56545,,,427,0,3/23/2021 14:05,Not agree,Not agree
3/23/2021,CA,3549101,,,1823,0,56596,,,51,0,3/24/2021 14:16,Not agree,Not agree
3/24/2021,CA,3551056,,,1955,0,56850,,,254,0,3/25/2021 14:25,Not agree,Not agree
3/25/2021,CA,3553307,,,2251,0,57091,,,241,0,3/26/2021 14:14,Not agree,Not agree
3/26/2021,CA,3555915,,,2608,0,57336,,,245,0,3/27/2021 14:01,Not agree,Not agree
3/27/2021,CA,3559193,,,3278,0,57551,,,215,0,3/28/2021 13:52,Not agree,Not agree
3/28/2021,CA,3562191,,,2998,0,57746,,,195,0,3/29/2021 13:48,Not agree,Not agree
3/29/2021,CA,3564468,,,2277,0,57778,,,32,0,3/30/2021 14:06,Not agree,Not agree
3/30/2021,CA,3566464,,,1996,0,57788,,,10,0,3/31/2021 14:08,Not agree,Not agree
3/31/2021,CA,3568426,,,1962,0,57936,,,148,0,4/1/2021 14:13,Not agree,Not agree
4/1/2021,CA,3570660,,,2234,0,58090,,,154,0,4/2/2021 13:56,Not agree,Not agree
4/2/2021,CA,3573074,,,2414,0,58269,,,179,0,4/3/2021 13:51,Not agree,Not agree
4/3/2021,CA,3577951,,,4877,0,58404,,,135,0,4/4/2021 13:43,Not agree,Not agree
4/4/2021,CA,3580351,,,2400,0,58513,,,109,0,4/5/2021 13:43,Not agree,Not agree
4/5/2021,CA,3582463,,,2112,0,58534,,,21,0,4/6/2021 13:43,Not agree,Not agree
4/6/2021,CA,3583830,,,1367,0,58541,,,7,0,4/7/2021 14:25,Not agree,Not agree
4/7/2021,CA,3586059,,,2229,0,58659,,,118,0,4/8/2021 13:46,Not agree,Not agree
4/8/2021,CA,3588152,,,2093,0,58788,,,129,0,4/9/2021 14:11,Not agree,Not agree
4/9/2021,CA,3590758,,,2606,0,58943,,,155,0,4/10/2021 13:45,Not agree,Not agree
4/10/2021,CA,3595224,,,4466,0,59113,,,170,0,4/11/2021 13:50,Not agree,Not agree
4/11/2021,CA,3600178,,,4954,0,59218,,,105,0,4/12/2021 13:39,Not agree,Not agree
4/12/2021,CA,3602827,,,2649,0,59249,,,31,0,4/13/2021 14:00,Not agree,Not agree
4/13/2021,CA,3604395,,,1568,0,59258,,,9,0,4/14/2021 14:34,Not agree,Not agree
4/14/2021,CA,3606882,,,2487,0,59372,,,114,0,4/15/2021 13:58,Not agree,Not agree
4/15/2021,CA,3608898,,,2016,0,59508,,,136,0,4/16/2021 14:12,Not agree,Not agree
4/16/2021,CA,3611349,,,2451,0,59587,,,79,0,4/17/2021 13:58,Not agree,Not agree
